<meta>
    <min_mta_version server="1.5.8-9.20957"></min_mta_version>
    <info gamemodes="race" type="map" name="[DD] JmpY One Level 1" author="JmpY" version="1.0.0" description="https://github.com/JmpY-mta/JmpY-maps"></info>
    <map src="DD-JmpY-One-Level-1.map" dimension="0"></map>
    <settings>
        <setting name="#skins" value='[ &quot;cj&quot; ]'></setting>
        <setting name="#gamespeed" value="[ 1 ]"></setting>
        <setting name="#ghostmode" value='[ &quot;false&quot; ]'></setting>
        <setting name="#vehicleweapons" value='[ &quot;false&quot; ]'></setting>
        <setting name="#minplayers" value="[ 0 ]"></setting>
        <setting name="#waveheight" value="[ 0 ]"></setting>
        <setting name="#firewater" value='[ &quot;false&quot; ]'></setting>
        <setting name="#duration" value="[ 1800 ]"></setting>
        <setting name="#respawn" value='[ &quot;timelimit&quot; ]'></setting>
        <setting name="#maxplayers" value="[ 128 ]"></setting>
        <setting name="#useLODs" value="[ false ]"></setting>
        <setting name="#time" value="0:0"></setting>
        <setting name="#autopimp" value='[ &quot;true&quot; ]'></setting>
        <setting name="#gravity" value="[ 0.0080000004 ]"></setting>
        <setting name="#weather" value="[ 0 ]"></setting>
        <setting name="#locked_time" value="[ true ]"></setting>
        <setting name="#respawntime" value="[ 0 ]"></setting>
    </settings>
    <script src="mapEditorScriptingExtension_s.lua" type="server"></script>
    <script src="mapEditorScriptingExtension_c.lua" type="client" validate="false"></script>
</meta>
